stair.thisTrialN,stair.stepSize,stair.intensity,thisRow.t,notes,piloting,trial.started,fixation.started,grating.started,key_resp.started,fixation.stopped,grating.stopped,trial.stopped,corrAns,tilt,key_resp.corr,stair.response,key_resp.rt,participant,session,date,expName,expVersion,psychopyVersion,frameRate,expStart,
0,2,10,0.027883708360604942,,True,0.019020541687496006,0.027883708360604942,0.5123614583862945,0.5123614583862945,0.5308316666632891,0.813141041668132,5.4568497916916385,left,-10,1,1,4.915783708333038,pilot,001,2026-10-02_16h57.14.523,adaptive_staircase,,2026.2.4,59.94101802178808,2026-10-02 16h57.14.549792 +0530,
1,2,8,5.479105083388276,,,5.456985166762024,5.479105083388276,5.963408250012435,5.963408250012435,5.980205416679382,6.263542791712098,7.0995791250607,right,8,1,1,1.1286490416387096,pilot,001,2026-10-02_16h57.14.523,adaptive_staircase,,2026.2.4,59.94101802178808,2026-10-02 16h57.14.549792 +0530,
2,2,6,7.1134988750563934,,,7.099760083365254,7.1134988750563934,7.613635875051841,7.613635875051841,7.613635875051841,7.913682874990627,8.772213666699827,right,6,1,1,1.1402661667671055,pilot,001,2026-10-02_16h57.14.523,adaptive_staircase,,2026.2.4,59.94101802178808,2026-10-02 16h57.14.549792 +0530,
3,2,4,8.779626208357513,,,8.772405125084333,8.779626208357513,9.280223166686483,9.280223166686483,9.280223166686483,9.580204750061966,9.951644625049084,right,4,1,1,0.6637118333019316,pilot,001,2026-10-02_16h57.14.523,adaptive_staircase,,2026.2.4,59.94101802178808,2026-10-02 16h57.14.549792 +0530,
4,2,2,9.963178458390757,,,9.95184391667135,9.963178458390757,10.46351120842155,10.46351120842155,10.46351120842155,10.763672666740604,11.15246666665189,left,-2,1,1,0.6785026250872761,pilot,001,2026-10-02_16h57.14.523,adaptive_staircase,,2026.2.4,59.94101802178808,2026-10-02 16h57.14.549792 +0530,
5,2,1,11.16324850008823,,,11.152658666716889,11.16324850008823,11.663441333337687,11.663441333337687,11.663441333337687,11.963599416660145,12.318382083321922,left,-1,1,1,0.6495324583956972,pilot,001,2026-10-02_16h57.14.523,adaptive_staircase,,2026.2.4,59.94101802178808,2026-10-02 16h57.14.549792 +0530,
6,2,1,12.32988466671668,,,12.318572166725062,12.32988466671668,12.830283083370887,12.830283083370887,12.830283083370887,13.130259833415039,13.699557916726917,right,1,1,1,0.8635603333823383,pilot,001,2026-10-02_16h57.14.523,adaptive_staircase,,2026.2.4,59.94101802178808,2026-10-02 16h57.14.549792 +0530,
7,2,1,13.71364866674412,,,13.699743916746229,13.71364866674412,14.213793625007384,14.213793625007384,14.213793625007384,14.513866583351046,14.785178250051104,left,-1,1,1,0.5600355416536331,pilot,001,2026-10-02_16h57.14.523,adaptive_staircase,,2026.2.4,59.94101802178808,2026-10-02 16h57.14.549792 +0530,
8,2,1,14.796874416759238,,,14.785362416761927,14.796874416759238,15.29684020834975,15.29684020834975,15.29684020834975,15.596930791740306,15.900667666690424,right,1,1,1,0.5985272083198652,pilot,001,2026-10-02_16h57.14.523,adaptive_staircase,,2026.2.4,59.94101802178808,2026-10-02 16h57.14.549792 +0530,
9,2,1,15.913512083352543,,,15.900837541674264,15.913512083352543,16.413650750066154,16.413650750066154,16.413650750066154,16.713529750006273,17.134980208356865,right,1,1,1,0.7132419167319313,pilot,001,2026-10-02_16h57.14.523,adaptive_staircase,,2026.2.4,59.94101802178808,2026-10-02 16h57.14.549792 +0530,
10,2,1,17.146589000010863,,,17.13515116670169,17.146589000010863,17.647004458354786,17.647004458354786,17.647004458354786,17.947084499988705,18.135483416728675,left,-1,1,1,0.4737476248992607,pilot,001,2026-10-02_16h57.14.523,adaptive_staircase,,2026.2.4,59.94101802178808,2026-10-02 16h57.14.549792 +0530,
11,2,1,18.14691345836036,,,18.13565770839341,18.14691345836036,18.646884791669436,18.646884791669436,18.646884791669436,18.947019458399154,19.20122995832935,left,-1,1,1,0.549836750025861,pilot,001,2026-10-02_16h57.14.523,adaptive_staircase,,2026.2.4,59.94101802178808,2026-10-02 16h57.14.549792 +0530,
12,2,1,19.21325695840642,,,19.201405041734688,19.21325695840642,19.71345945831854,19.71345945831854,19.71345945831854,20.01363041670993,20.418505916721188,right,1,1,1,0.6932342917425558,pilot,001,2026-10-02_16h57.14.523,adaptive_staircase,,2026.2.4,59.94101802178808,2026-10-02 16h57.14.549792 +0530,
13,2,1,20.430228791665286,,,20.41867425001692,20.430228791665286,20.930379166733474,20.930379166733474,20.930379166733474,21.230310291750357,21.52028220833745,left,-1,1,1,0.5703257917193696,pilot,001,2026-10-02_16h57.14.523,adaptive_staircase,,2026.2.4,59.94101802178808,2026-10-02 16h57.14.549792 +0530,
14,2,1,21.52980875002686,,,21.520472125033848,21.52980875002686,22.030378375086002,22.030378375086002,22.030378375086002,22.330336041748524,22.60160508332774,left,-1,1,1,0.5566909583285451,pilot,001,2026-10-02_16h57.14.523,adaptive_staircase,,2026.2.4,59.94101802178808,2026-10-02 16h57.14.549792 +0530,
15,2,1,22.613591750035994,,,22.601770333363675,22.613591750035994,23.113554083392955,23.113554083392955,23.113554083392955,23.413716125069186,23.634294375078753,right,1,1,1,0.5181445833295584,pilot,001,2026-10-02_16h57.14.523,adaptive_staircase,,2026.2.4,59.94101802178808,2026-10-02 16h57.14.549792 +0530,
16,2,1,23.649911583401263,,,23.63447387504857,23.649911583401263,24.147043416742235,24.147043416742235,24.1635010833852,24.446972791687585,24.817476041731425,right,1,1,1,0.6625839582411572,pilot,001,2026-10-02_16h57.14.523,adaptive_staircase,,2026.2.4,59.94101802178808,2026-10-02 16h57.14.549792 +0530,
17,1,1,24.829925500089303,,,24.817684291745536,24.829925500089303,25.33050412510056,25.33050412510056,25.33050412510056,25.630338833434507,26.96816662501078,right,1,0,0,1.6330632916651666,pilot,001,2026-10-02_16h57.14.523,adaptive_staircase,,2026.2.4,59.94101802178808,2026-10-02 16h57.14.549792 +0530,
18,1,2,26.980051166727208,,,26.968358416692354,26.980051166727208,27.480209083412774,27.480209083412774,27.480209083412774,27.780295083415695,28.049718458321877,left,-2,1,1,0.5672831666888669,pilot,001,2026-10-02_16h57.14.523,adaptive_staircase,,2026.2.4,59.94101802178808,2026-10-02 16h57.14.549792 +0530,
19,1,2,28.06588891672436,,,28.049879458383657,28.06588891672436,28.563702208339237,28.563702208339237,28.580353041761555,28.863458958338015,29.167595166713,right,2,1,1,0.6012989167356864,pilot,001,2026-10-02_16h57.14.523,adaptive_staircase,,2026.2.4,59.94101802178808,2026-10-02 16h57.14.549792 +0530,
20,1,2,29.183196041733027,,,29.167781041702256,29.183196041733027,29.680178375099786,29.680178375099786,29.69710666674655,29.980228125001304,30.101559500093572,left,-2,1,1,0.4183916667243466,pilot,001,2026-10-02_16h57.14.523,adaptive_staircase,,2026.2.4,59.94101802178808,2026-10-02 16h57.14.549792 +0530,
21,1,1,30.116161833400838,,,30.101748833432794,30.116161833400838,30.613542416715063,30.613542416715063,30.63017620833125,30.913694458431564,31.186176625080407,right,1,1,1,0.5579636667389423,pilot,001,2026-10-02_16h57.14.523,adaptive_staircase,,2026.2.4,59.94101802178808,2026-10-02 16h57.14.549792 +0530,
22,1,1,31.196463500033133,,,31.186346750007942,31.196463500033133,31.696969791664742,31.696969791664742,31.696969791664742,31.996886875014752,32.618691041716374,left,-1,1,1,0.91509329166729,pilot,001,2026-10-02_16h57.14.523,adaptive_staircase,,2026.2.4,59.94101802178808,2026-10-02 16h57.14.549792 +0530,
23,0.5,1,32.62991500005592,,,32.6188808750594,32.62991500005592,33.13011137500871,33.13011137500871,33.13011137500871,33.4302753333468,34.450229125097394,right,1,0,0,1.3092903749784455,pilot,001,2026-10-02_16h57.14.523,adaptive_staircase,,2026.2.4,59.94101802178808,2026-10-02 16h57.14.549792 +0530,
24,0.5,1.5,34.46354387502652,,,34.4503315417096,34.46354387502652,34.96365250006784,34.96365250006784,34.96365250006784,35.26360466668848,37.41949320840649,left,-1.5,1,1,2.4426826250273734,pilot,001,2026-10-02_16h57.14.523,adaptive_staircase,,2026.2.4,59.94101802178808,2026-10-02 16h57.14.549792 +0530,
25,0.5,1.5,37.42974841676187,,,37.41966912499629,37.42974841676187,37.93031895835884,37.93031895835884,37.93031895835884,38.23027845832985,39.56780508335214,left,-1.5,1,1,1.6359721249900758,pilot,001,2026-10-02_16h57.14.523,adaptive_staircase,,2026.2.4,59.94101802178808,2026-10-02 16h57.14.549792 +0530,
26,0.5,1.5,39.583283625077456,,,39.56798341672402,39.583283625077456,40.0801156667294,40.0801156667294,40.096911708358675,40.38031279167626,42.15163149998989,right,1.5,0,0,2.063150166766718,pilot,001,2026-10-02_16h57.14.523,adaptive_staircase,,2026.2.4,59.94101802178808,2026-10-02 16h57.14.549792 +0530,
27,0.5,2.0,42.16290800005663,,,42.151797124999575,42.16290800005663,42.66353970835917,42.66353970835917,42.66353970835917,42.9636300833663,46.102785625029355,right,2.0,1,1,3.424702125019394,pilot,001,2026-10-02_16h57.14.523,adaptive_staircase,,2026.2.4,59.94101802178808,2026-10-02 16h57.14.549792 +0530,
28,0.5,2.0,46.11308087501675,,,46.10295695834793,46.11308087501675,46.61354575003497,46.61354575003497,46.61354575003497,46.91359000001103,47.569436083431356,right,2.0,0,0,0.9405581667087972,pilot,001,2026-10-02_16h57.14.523,adaptive_staircase,,2026.2.4,59.94101802178808,2026-10-02 16h57.14.549792 +0530,
29,0.5,2.5,47.57966870837845,,,47.56960400007665,47.57966870837845,48.080273875035346,48.080273875035346,48.080273875035346,48.380242499988526,48.70098604168743,left,-2.5,0,0,0.6188087083864957,pilot,001,2026-10-02_16h57.14.523,adaptive_staircase,,2026.2.4,59.94101802178808,2026-10-02 16h57.14.549792 +0530,
30,0.5,3.0,48.716544083319604,,,48.701168375089765,48.716544083319604,49.21356237505097,49.21356237505097,49.23011645837687,49.51364808343351,50.10097120841965,left,-3.0,1,1,0.8815272083738819,pilot,001,2026-10-02_16h57.14.523,adaptive_staircase,,2026.2.4,59.94101802178808,2026-10-02 16h57.14.549792 +0530,
31,0.5,3.0,50.11320587503724,,,50.10114758333657,50.11320587503724,50.61344266671222,50.61344266671222,50.61344266671222,50.913518833345734,51.286045041750185,right,3.0,1,1,0.6576304165646434,pilot,001,2026-10-02_16h57.14.523,adaptive_staircase,,2026.2.4,59.94101802178808,2026-10-02 16h57.14.549792 +0530,
32,0.5,3.0,51.29644562501926,,,51.28622041665949,51.29644562501926,51.79695437499322,51.79695437499322,51.79695437499322,52.0968940834282,52.70161883335095,left,-3.0,1,1,0.8960501665715128,pilot,001,2026-10-02_16h57.14.523,adaptive_staircase,,2026.2.4,59.94101802178808,2026-10-02 16h57.14.549792 +0530,
33,0.5,2.5,52.71300904173404,,,52.70177929173224,52.71300904173404,53.213470000075176,53.213470000075176,53.213470000075176,53.51341866666917,53.66630087501835,right,2.5,1,1,0.451552375103347,pilot,001,2026-10-02_16h57.14.523,adaptive_staircase,,2026.2.4,59.94101802178808,2026-10-02 16h57.14.549792 +0530,
34,0.5,2.5,53.68241574999411,,,53.66647450008895,53.68241574999411,54.18029745842796,54.18029745842796,54.19696141674649,54.48026579176076,55.00159287499264,left,-2.5,1,1,0.8136769166449085,pilot,001,2026-10-02_16h57.14.523,adaptive_staircase,,2026.2.4,59.94101802178808,2026-10-02 16h57.14.549792 +0530,
35,0.5,2.5,55.01300841674674,,,55.00175975007005,55.01300841674674,55.51343520835508,55.51343520835508,55.51343520835508,55.81354758341331,56.13759820838459,left,-2.5,1,1,0.606503083370626,pilot,001,2026-10-02_16h57.14.523,adaptive_staircase,,2026.2.4,59.94101802178808,2026-10-02 16h57.14.549792 +0530,
36,0.5,2.0,56.14672195841558,,,56.1377872916637,56.14672195841558,56.64723504171707,56.64723504171707,56.64723504171707,56.94700333336368,57.349595708423294,right,2.0,1,1,0.6994056249968708,pilot,001,2026-10-02_16h57.14.523,adaptive_staircase,,2026.2.4,59.94101802178808,2026-10-02 16h57.14.549792 +0530,
37,0.5,2.0,57.36361170839518,,,57.349760374985635,57.36361170839518,57.86357691674493,57.86357691674493,57.86357691674493,58.16349866671953,59.002284916699864,right,2.0,1,1,1.1212783749215305,pilot,001,2026-10-02_16h57.14.523,adaptive_staircase,,2026.2.4,59.94101802178808,2026-10-02 16h57.14.549792 +0530,
38,0.5,2.0,59.013596125063486,,,59.002456124988385,59.013596125063486,59.51356266671792,59.51356266671792,59.51356266671792,59.81353383336682,60.08624079171568,left,-2.0,0,0,0.5552468333626166,pilot,001,2026-10-02_16h57.14.523,adaptive_staircase,,2026.2.4,59.94101802178808,2026-10-02 16h57.14.549792 +0530,
39,0.5,2.5,60.096725208335556,,,60.08642537507694,60.096725208335556,60.59677345841192,60.59677345841192,60.59677345841192,60.89702820836101,61.753587458399124,left,-2.5,0,0,1.1430819999659434,pilot,001,2026-10-02_16h57.14.523,adaptive_staircase,,2026.2.4,59.94101802178808,2026-10-02 16h57.14.549792 +0530,
40,0.5,3.0,61.76316312502604,,,61.753832166665234,61.76316312502604,62.26384416676592,62.26384416676592,62.26384416676592,62.56354370841291,62.801373583381064,left,-3.0,1,1,0.5319778333650902,pilot,001,2026-10-02_16h57.14.523,adaptive_staircase,,2026.2.4,59.94101802178808,2026-10-02 16h57.14.549792 +0530,
41,0.5,3.0,62.8131354583893,,,62.80154316674452,62.8131354583893,63.31418520840816,63.31418520840816,63.31418520840816,63.613899625022896,63.78495987504721,right,3.0,1,1,0.46265645837411284,pilot,001,2026-10-02_16h57.14.523,adaptive_staircase,,2026.2.4,59.94101802178808,2026-10-02 16h57.14.549792 +0530,
42,0.5,3.0,63.79687158332672,,,63.785056375083514,63.79687158332672,64.29681462503504,64.29681462503504,64.29681462503504,64.59707758342847,64.88490629172884,right,3.0,0,0,0.5859253749949858,pilot,001,2026-10-02_16h57.14.523,adaptive_staircase,,2026.2.4,59.94101802178808,2026-10-02 16h57.14.549792 +0530,
43,0.5,3.5,64.89938695833553,,,64.88513295841403,64.89938695833553,65.3970238333568,65.3970238333568,65.41340158332605,65.69694983342197,66.55142054171301,right,3.5,0,0,1.1457240416202694,pilot,001,2026-10-02_16h57.14.523,adaptive_staircase,,2026.2.4,59.94101802178808,2026-10-02 16h57.14.549792 +0530,
44,0.5,4.0,66.56298183335457,,,66.55157574999612,66.56298183335457,67.06341641675681,67.06341641675681,67.06341641675681,67.3637221250683,67.93494987499435,right,4.0,1,1,0.863266000058502,pilot,001,2026-10-02_16h57.14.523,adaptive_staircase,,2026.2.4,59.94101802178808,2026-10-02 16h57.14.549792 +0530,
45,0.5,4.0,67.94678633334115,,,67.93504400004167,67.94678633334115,68.44701783335768,68.44701783335768,68.44701783335768,68.74683170835488,69.08315737498924,right,4.0,1,1,0.6326001667184755,pilot,001,2026-10-02_16h57.14.523,adaptive_staircase,,2026.2.4,59.94101802178808,2026-10-02 16h57.14.549792 +0530,
46,0.5,4.0,69.09685283340514,,,69.08332812506706,69.09685283340514,69.59678404172882,69.59678404172882,69.59678404172882,69.89693112508394,70.40077995834872,right,4.0,0,0,0.800878000096418,pilot,001,2026-10-02_16h57.14.523,adaptive_staircase,,2026.2.4,59.94101802178808,2026-10-02 16h57.14.549792 +0530,
47,0.5,4.5,70.41648112505209,,,70.40100416669156,70.41648112505209,70.91347395838238,70.91347395838238,70.93044416676275,71.21336620836519,71.55179291672539,left,-4.5,1,1,0.6351982916239649,pilot,001,2026-10-02_16h57.14.523,adaptive_staircase,,2026.2.4,59.94101802178808,2026-10-02 16h57.14.549792 +0530,
48,0.5,4.5,71.5663677083794,,,71.55197908333503,71.5663677083794,72.06350791675504,72.06350791675504,72.08015050005633,72.36344070837367,72.76738062500954,right,4.5,1,1,0.6991499584401026,pilot,001,2026-10-02_16h57.14.523,adaptive_staircase,,2026.2.4,59.94101802178808,2026-10-02 16h57.14.549792 +0530,
49,0.5,4.5,72.77981216670014,,,72.76754533336498,72.77981216670014,73.28020170843229,73.28020170843229,73.28020170843229,73.5801769583486,73.83625087502878,right,4.5,1,1,0.5443388749845326,pilot,001,2026-10-02_16h57.14.523,adaptive_staircase,,2026.2.4,59.94101802178808,2026-10-02 16h57.14.549792 +0530,
50,0.5,4.0,73.84641016670503,,,73.83644416672178,73.84641016670503,74.34678908332717,74.34678908332717,74.34678908332717,74.64693150005769,74.90147158340551,right,4.0,1,1,0.5458586666500196,pilot,001,2026-10-02_16h57.14.523,adaptive_staircase,,2026.2.4,59.94101802178808,2026-10-02 16h57.14.549792 +0530,
51,0.5,4.0,74.91339045832865,,,74.90159066673368,74.91339045832865,75.41337158333044,75.41337158333044,75.41337158333044,75.71345245838165,76.08403308340348,left,-4.0,0,0,0.6661447499645874,pilot,001,2026-10-02_16h57.14.523,adaptive_staircase,,2026.2.4,59.94101802178808,2026-10-02 16h57.14.549792 +0530,
52,0.5,4.5,76.09689266665373,,,76.08420462498907,76.09689266665373,76.5968050416559,76.5968050416559,76.5968050416559,76.89687575004064,77.36735875008162,left,-4.5,1,1,0.7666639999952167,pilot,001,2026-10-02_16h57.14.523,adaptive_staircase,,2026.2.4,59.94101802178808,2026-10-02 16h57.14.549792 +0530,
53,0.5,4.5,77.37982058338821,,,77.36752858338878,77.37982058338821,77.88026325008832,77.88026325008832,77.88026325008832,78.18033379176632,78.58618762507103,left,-4.5,1,1,0.6931704999879003,pilot,001,2026-10-02_16h57.14.523,adaptive_staircase,,2026.2.4,59.94101802178808,2026-10-02 16h57.14.549792 +0530,
54,0.5,4.5,78.59641916665714,,,78.58635720843449,78.59641916665714,79.0969618750969,79.0969618750969,79.0969618750969,79.39694091666024,79.73401195835322,right,4.5,1,1,0.6295667917001992,pilot,001,2026-10-02_16h57.14.523,adaptive_staircase,,2026.2.4,59.94101802178808,2026-10-02 16h57.14.549792 +0530,
55,0.5,4.0,79.74646054173354,,,79.73420716670807,79.74646054173354,80.24691900005564,80.24691900005564,80.24691900005564,80.54692079173401,81.23472979175858,right,4.0,1,1,0.9864624583860859,pilot,001,2026-10-02_16h57.14.523,adaptive_staircase,,2026.2.4,59.94101802178808,2026-10-02 16h57.14.549792 +0530,
56,0.5,4.0,81.24973158340435,,,81.23490087501705,81.24973158340435,81.74684808333404,81.74684808333404,81.76348712504841,82.04686729167588,82.61829750007018,right,4.0,1,1,0.8655394583474845,pilot,001,2026-10-02_16h57.14.523,adaptive_staircase,,2026.2.4,59.94101802178808,2026-10-02 16h57.14.549792 +0530,
57,0.5,4.0,82.62982854165602,,,82.61848000006285,82.62982854165602,83.13018529175315,83.13018529175315,83.13018529175315,83.43031579174567,83.73464570834767,left,-4.0,0,0,0.6011609582928941,pilot,001,2026-10-02_16h57.14.523,adaptive_staircase,,2026.2.4,59.94101802178808,2026-10-02 16h57.14.549792 +0530,
58,0.5,4.5,83.74950450006872,,,83.73481912503485,83.74950450006872,84.24686516670045,84.24686516670045,84.26344258338213,84.54674145835452,85.28482245840132,left,-4.5,1,1,1.034502041642554,pilot,001,2026-10-02_16h57.14.523,adaptive_staircase,,2026.2.4,59.94101802178808,2026-10-02 16h57.14.549792 +0530,
59,0.5,4.5,85.29974670836236,,,85.28501570841763,85.29974670836236,85.79675874998793,85.79675874998793,85.81349883333314,86.09700529172551,86.50114458333701,left,-4.5,1,1,0.6965090000303462,pilot,001,2026-10-02_16h57.14.523,adaptive_staircase,,2026.2.4,59.94101802178808,2026-10-02 16h57.14.549792 +0530,
60,0.5,4.5,86.51328258332796,,,86.50135875004344,86.51328258332796,87.01344020839315,87.01344020839315,87.01344020839315,87.31359291670378,87.60125766671263,right,4.5,1,1,0.5828800000017509,pilot,001,2026-10-02_16h57.14.523,adaptive_staircase,,2026.2.4,59.94101802178808,2026-10-02 16h57.14.549792 +0530,
61,0.5,4.0,87.61319779173937,,,87.6014261667151,87.61319779173937,88.11360929172952,88.11360929172952,88.11360929172952,88.41377866675612,88.65173300006427,left,-4.0,1,1,0.5236493750708178,pilot,001,2026-10-02_16h57.14.523,adaptive_staircase,,2026.2.4,59.94101802178808,2026-10-02 16h57.14.549792 +0530,
62,0.5,4.0,88.6634889167035,,,88.65188950009178,88.6634889167035,89.16359416674823,89.16359416674823,89.16359416674823,89.46375970833469,89.6860563333612,left,-4.0,1,1,0.5065806250786409,pilot,001,2026-10-02_16h57.14.523,adaptive_staircase,,2026.2.4,59.94101802178808,2026-10-02 16h57.14.549792 +0530,
63,0.5,4.0,89.6963306250982,,,89.68621437507682,89.6963306250982,90.1967329584295,90.1967329584295,90.1967329584295,90.49697970843408,90.76645624998491,left,-4.0,1,1,0.5655563332838938,pilot,001,2026-10-02_16h57.14.523,adaptive_staircase,,2026.2.4,59.94101802178808,2026-10-02 16h57.14.549792 +0530,
64,0.5,3.5,90.78015879169106,,,90.76663266669493,90.78015879169106,91.28009745839518,91.28009745839518,91.28009745839518,91.58004954166245,91.8039090000093,right,3.5,1,1,0.5090728750219569,pilot,001,2026-10-02_16h57.14.523,adaptive_staircase,,2026.2.4,59.94101802178808,2026-10-02 16h57.14.549792 +0530,
65,0.5,3.5,91.81307608343195,,,91.80411691672634,91.81307608343195,92.31359541672282,92.31359541672282,92.31359541672282,92.61336600000504,92.94965520838741,right,3.5,1,1,0.6335012916242704,pilot,001,2026-10-02_16h57.14.523,adaptive_staircase,,2026.2.4,59.94101802178808,2026-10-02 16h57.14.549792 +0530,
66,0.5,3.5,92.96560579165816,,,92.94982341665309,92.96560579165816,93.4634699167218,93.4634699167218,93.48009879165329,93.763421458425,94.00349741673563,right,3.5,1,1,0.5206087499391288,pilot,001,2026-10-02_16h57.14.523,adaptive_staircase,,2026.2.4,59.94101802178808,2026-10-02 16h57.14.549792 +0530,
67,0.5,3.0,94.01308425003663,,,94.0036728749983,94.01308425003663,94.51341595838312,94.51341595838312,94.51341595838312,94.81372487510089,95.08605925005395,left,-3.0,1,1,0.5586756250122562,pilot,001,2026-10-02_16h57.14.523,adaptive_staircase,,2026.2.4,59.94101802178808,2026-10-02 16h57.14.549792 +0530,
68,0.5,3.0,95.09636700002011,,,95.08622379170265,95.09636700002011,95.59685858339071,95.59685858339071,95.59685858339071,95.8967925417237,96.20221979171038,right,3.0,1,1,0.5931828332832083,pilot,001,2026-10-02_16h57.14.523,adaptive_staircase,,2026.2.4,59.94101802178808,2026-10-02 16h57.14.549792 +0530,
69,0.5,3.0,96.21352099999785,,,96.20240429171827,96.21352099999785,96.7192519584205,96.7192519584205,96.7192519584205,97.0301527917618,97.3190827916842,left,-3.0,1,1,0.5878791249124333,pilot,001,2026-10-02_16h57.14.523,adaptive_staircase,,2026.2.4,59.94101802178808,2026-10-02 16h57.14.549792 +0530,
70,0.5,2.5,97.33013120840769,,,97.31927249999717,97.33013120840769,97.83023862505797,97.83023862505797,97.83023862505797,98.13034979172517,98.40112970839255,right,2.5,1,1,0.5657686250051484,pilot,001,2026-10-02_16h57.14.523,adaptive_staircase,,2026.2.4,59.94101802178808,2026-10-02 16h57.14.549792 +0530,
71,0.5,2.5,98.41306154173799,,,98.40129629173316,98.41306154173799,98.91342262504622,98.91342262504622,98.91342262504622,99.21338912507053,99.45207287499215,left,-2.5,1,1,0.5235714999726042,pilot,001,2026-10-02_16h57.14.523,adaptive_staircase,,2026.2.4,59.94101802178808,2026-10-02 16h57.14.549792 +0530,
72,0.5,2.5,99.46347991668154,,,99.45223545841873,99.46347991668154,99.963626458426,99.963626458426,99.963626458426,100.26350250001997,100.6193701250013,left,-2.5,1,1,0.6373362500453368,pilot,001,2026-10-02_16h57.14.523,adaptive_staircase,,2026.2.4,59.94101802178808,2026-10-02 16h57.14.549792 +0530,
73,0.5,2.0,100.62971254170407,,,100.61953520833049,100.62971254170407,101.13026954175439,101.13026954175439,101.13026954175439,101.43023633339908,101.71943954168819,right,2.0,1,1,0.5767343332991004,pilot,001,2026-10-02_16h57.14.523,adaptive_staircase,,2026.2.4,59.94101802178808,2026-10-02 16h57.14.549792 +0530,
74,0.5,2.0,101.72970158339012,,,101.71960020833649,101.72970158339012,102.23025362507906,102.23025362507906,102.23025362507906,102.53020070842467,102.85125241673086,right,2.0,1,1,0.6106663750251755,pilot,001,2026-10-02_16h57.14.523,adaptive_staircase,,2026.2.4,59.94101802178808,2026-10-02 16h57.14.549792 +0530,
75,0.5,2.0,102.86311695841141,,,102.85141850006767,102.86311695841141,103.36332520842552,103.36332520842552,103.36332520842552,103.66362716676667,103.85246462502982,right,2.0,1,1,0.4717406251002103,pilot,001,2026-10-02_16h57.14.523,adaptive_staircase,,2026.2.4,59.94101802178808,2026-10-02 16h57.14.549792 +0530,
76,0.5,1.5,103.86303116672207,,,103.85263891669456,103.86303116672207,104.36340537504293,104.36340537504293,104.36340537504293,104.6635665417416,105.00305758335162,right,1.5,1,1,0.6234754166798666,pilot,001,2026-10-02_16h57.14.523,adaptive_staircase,,2026.2.4,59.94101802178808,2026-10-02 16h57.14.549792 +0530,
77,0.5,1.5,105.01309500006028,,,105.00327325006947,105.01309500006028,105.51349191670306,105.51349191670306,105.51349191670306,105.81342462508474,106.1501627083635,right,1.5,1,1,0.629365291679278,pilot,001,2026-10-02_16h57.14.523,adaptive_staircase,,2026.2.4,59.94101802178808,2026-10-02 16h57.14.549792 +0530,
78,0.5,1.5,106.16340104176197,,,106.1503523333231,106.16340104176197,106.66348537500016,106.66348537500016,106.66348537500016,106.96347679174505,108.03499466669746,right,1.5,1,1,1.3614038333762437,pilot,001,2026-10-02_16h57.14.523,adaptive_staircase,,2026.2.4,59.94101802178808,2026-10-02 16h57.14.549792 +0530,
79,0.5,1.0,108.04641687509138,,,108.03516525006853,108.04641687509138,108.54694491671398,108.54694491671398,108.54694491671398,108.84675529168453,109.33591575000901,left,-1.0,1,1,0.770882458309643,pilot,001,2026-10-02_16h57.14.523,adaptive_staircase,,2026.2.4,59.94101802178808,2026-10-02 16h57.14.549792 +0530,
80,0.5,1.0,109.34642229171004,,,109.33607808337547,109.34642229171004,109.84681483334862,109.84681483334862,109.84681483334862,110.1467255000025,110.51869245839771,left,-1.0,1,1,0.658922916627489,pilot,001,2026-10-02_16h57.14.523,adaptive_staircase,,2026.2.4,59.94101802178808,2026-10-02 16h57.14.549792 +0530,
81,0.5,1.0,110.53013570839539,,,110.51885762508027,110.53013570839539,111.03010337508749,111.03010337508749,111.03010337508749,111.33022000000346,111.80250279174652,left,-1.0,1,1,0.7556139166699722,pilot,001,2026-10-02_16h57.14.523,adaptive_staircase,,2026.2.4,59.94101802178808,2026-10-02 16h57.14.549792 +0530,
82,0.5,1,111.81292958336417,,,111.80266354174819,111.81292958336417,112.31353004171979,112.31353004171979,112.31353004171979,112.61346429167315,112.95132312504575,right,1,0,0,0.6293248749570921,pilot,001,2026-10-02_16h57.14.523,adaptive_staircase,,2026.2.4,59.94101802178808,2026-10-02 16h57.14.549792 +0530,
83,0.5,1.5,112.96311170840636,,,112.95151362509932,112.96311170840636,113.46354008337948,113.46354008337948,113.46354008337948,113.7634822500404,114.19935650005937,left,-1.5,1,1,0.7281922500114888,pilot,001,2026-10-02_16h57.14.523,adaptive_staircase,,2026.2.4,59.94101802178808,2026-10-02 16h57.14.549792 +0530,
84,0.5,1.5,114.21343358338345,,,114.19945020833984,114.21343358338345,114.71355275006499,114.71355275006499,114.71355275006499,115.01443612505682,115.38422658341005,right,1.5,0,0,0.6681825417326763,pilot,001,2026-10-02_16h57.14.523,adaptive_staircase,,2026.2.4,59.94101802178808,2026-10-02 16h57.14.549792 +0530,
85,0.5,2.0,115.40005512500647,,,115.38444820838049,115.40005512500647,115.89715612505097,115.89715612505097,115.91390291671269,116.19719070836436,116.78566316666547,left,-2.0,1,1,0.8764486666768789,pilot,001,2026-10-02_16h57.14.523,adaptive_staircase,,2026.2.4,59.94101802178808,2026-10-02 16h57.14.549792 +0530,
86,0.5,2.0,116.79703175008763,,,116.78585104166996,116.79703175008763,117.2967653333908,117.2967653333908,117.2967653333908,117.59700054174755,117.88528600009158,right,2.0,1,1,0.5795143749564886,pilot,001,2026-10-02_16h57.14.523,adaptive_staircase,,2026.2.4,59.94101802178808,2026-10-02 16h57.14.549792 +0530,
87,0.5,2.0,117.89628820843063,,,117.88546141667757,117.89628820843063,118.39679041667841,118.39679041667841,118.39679041667841,118.69688191672321,119.0181111251004,left,-2.0,0,0,0.6157765416428447,pilot,001,2026-10-02_16h57.14.523,adaptive_staircase,,2026.2.4,59.94101802178808,2026-10-02 16h57.14.549792 +0530,
88,0.5,2.5,119.02978908340447,,,119.01829650008585,119.02978908340447,119.53000879171304,119.53000879171304,119.53000879171304,119.83030487503856,120.14978079171851,left,-2.5,0,0,0.6116463333601132,pilot,001,2026-10-02_16h57.14.523,adaptive_staircase,,2026.2.4,59.94101802178808,2026-10-02 16h57.14.549792 +0530,
89,0.5,3.0,120.16350658342708,,,120.14990800002124,120.16350658342708,120.66365820833016,120.66365820833016,120.66365820833016,120.96336579171475,121.30085300002247,right,3.0,1,1,0.6338776249904186,pilot,001,2026-10-02_16h57.14.523,adaptive_staircase,,2026.2.4,59.94101802178808,2026-10-02 16h57.14.549792 +0530,
90,0.5,3.0,121.31673958338797,,,121.30102204170544,121.31673958338797,121.81335216667503,121.81335216667503,121.83011070836801,122.11365425004624,122.50223708339036,right,3.0,1,1,0.6751729166135192,pilot,001,2026-10-02_16h57.14.523,adaptive_staircase,,2026.2.4,59.94101802178808,2026-10-02 16h57.14.549792 +0530,
91,0.5,3.0,122.51345995836891,,,122.5024077083217,122.51345995836891,123.01354716671631,123.01354716671631,123.01354716671631,123.31446745840367,123.55210704170167,right,3.0,1,1,0.5238686250522733,pilot,001,2026-10-02_16h57.14.523,adaptive_staircase,,2026.2.4,59.94101802178808,2026-10-02 16h57.14.549792 +0530,
92,0.5,2.5,123.5635685416637,,,123.55228991666809,123.5635685416637,124.06374875002075,124.06374875002075,124.06374875002075,124.36363241670188,124.76603791676462,right,2.5,1,1,0.6976735417265445,pilot,001,2026-10-02_16h57.14.523,adaptive_staircase,,2026.2.4,59.94101802178808,2026-10-02 16h57.14.549792 +0530,
93,0.5,2.5,124.78011950000655,,,124.76618991675787,124.78011950000655,125.2800942499889,125.2800942499889,125.2800942499889,125.58001470833551,125.7852537917206,right,2.5,0,0,0.4913992084329948,pilot,001,2026-10-02_16h57.14.523,adaptive_staircase,,2026.2.4,59.94101802178808,2026-10-02 16h57.14.549792 +0530,
94,0.5,3.0,125.79701029171702,,,125.7854432084132,125.79701029171702,126.29675450001378,126.29675450001378,126.29675450001378,126.59688079170883,126.8687908333959,right,3.0,1,1,0.555648333276622,pilot,001,2026-10-02_16h57.14.523,adaptive_staircase,,2026.2.4,59.94101802178808,2026-10-02 16h57.14.549792 +0530,
95,0.5,3.0,126.88003383332398,,,126.8689548750408,126.88003383332398,127.38019716669805,127.38019716669805,127.38019716669805,127.67991558334325,128.2199305833783,left,-3.0,0,0,0.8272471249802038,pilot,001,2026-10-02_16h57.14.523,adaptive_staircase,,2026.2.4,59.94101802178808,2026-10-02 16h57.14.549792 +0530,
96,0.5,3.5,128.22969266667496,,,128.2201137917582,128.22969266667496,128.7300592083484,128.7300592083484,128.7300592083484,129.02950425003655,129.46719724999275,right,3.5,1,1,0.7303619167068973,pilot,001,2026-10-02_16h57.14.523,adaptive_staircase,,2026.2.4,59.94101802178808,2026-10-02 16h57.14.549792 +0530,
97,0.5,3.5,129.47966912505217,,,129.4673831666587,129.47966912505217,129.9800338334171,129.9800338334171,129.9800338334171,130.28028716670815,130.46754829166457,right,3.5,1,1,0.48327254166360945,pilot,001,2026-10-02_16h57.14.523,adaptive_staircase,,2026.2.4,59.94101802178808,2026-10-02 16h57.14.549792 +0530,
98,0.5,3.5,130.47974037507083,,,130.4677167084301,130.47974037507083,130.98009950004052,130.98009950004052,130.98009950004052,131.28002483339515,131.50277833337896,right,3.5,1,1,0.5082622499903664,pilot,001,2026-10-02_16h57.14.523,adaptive_staircase,,2026.2.4,59.94101802178808,2026-10-02 16h57.14.549792 +0530,
99,0.5,3.0,131.51304437499493,,,131.50296225002967,131.51304437499493,132.01346845843364,132.01346845843364,132.01346845843364,132.3134298750665,132.58652054169215,right,3.0,1,1,0.5597685417160392,pilot,001,2026-10-02_16h57.14.523,adaptive_staircase,,2026.2.4,59.94101802178808,2026-10-02 16h57.14.549792 +0530,
